SKU_CODE,CATEGORY
AB4218,탄산
AB4219,탄산
AB4224,탄산
AB4225,탄산
AB4226,탄산
AB4492,탄산
AB4549,탄산
AB4833,탄산
AB4834,탄산
AB4845,탄산
AB4859,탄산
AB5752,탄산
AB5973,탄산
AD4340,비탄산
AD4341,비탄산
AD4342,비탄산
AD4343,비탄산
AD4344,비탄산
AD4345,비탄산
AD4346,비탄산
AD4347,비탄산
AD4348,비탄산
AQ5970,비탄산
AQ7997,비탄산
AQ8550,비탄산
AQ8551,비탄산
AQ8552,비탄산
AQ8553,비탄산
AQ8554,비탄산
AQ8555,비탄산
AQ8560,비탄산
BA0001,기능성
BA0002,기능성
BA0003,기능성
BA0004,기능성
BA0005,기능성
BA0006,기능성
BA0007,기능성
BA0008,기능성
BA0009,기능성
BA0010,기능성
BA0011,기능성
BA0012,기능성
BA0013,기능성
BA0014,기능성
BA0015,기능성
BA0016,기능성
BA0017,기능성
BA0019,기능성
BA0027,기능성
BA0028,기능성
BA0029,기능성
BA0030,기능성
BA0031,기능성
BA0032,기능성
BA0033,기능성
BA0034,기능성
BA0035,기능성
BA0036,기능성
BA0037,기능성
BB0001,비탄산
BB0002,비탄산
BB0003,비탄산
BB0004,비탄산
BB0005,비탄산
BB0006,비탄산
BB0007,비탄산
BB0008,비탄산
BB0009,비탄산
BB0010,비탄산
BB0011,비탄산
BB0012,비탄산
BB0013,비탄산
BB0014,비탄산
BB0015,비탄산
BB0017,비탄산
BB0021,비탄산
BB0022,비탄산
BB0023,비탄산
BB0024,비탄산
BB0025,비탄산
BB0026,비탄산
BB0027,비탄산
BB1307,비탄산
BB1308,비탄산
BB1311,비탄산
BB1312,비탄산
BB1313,비탄산
BB1314,비탄산
BB1315,비탄산
BB1316,비탄산
BB1317,비탄산
BB1318,비탄산
BB4139,비탄산
BB4259,비탄산
BB4268,비탄산
BB4276,비탄산
BB4277,비탄산
BB4286,비탄산
BB4292,비탄산
BB7542,비탄산
BB7714,비탄산
BB7715,비탄산
BB7716,비탄산
BB7717,비탄산
BB7718,비탄산
BB7719,비탄산
BB7720,비탄산
BB7829,비탄산
BB7855,비탄산
BB7978,비탄산
BB7994,비탄산
BB8030,비탄산
BB8087,비탄산
BB8089,비탄산
BB8274,비탄산
BB8283,비탄산
BB8427,비탄산
BB8473,비탄산
BB8497,비탄산
BB8509,비탄산
BB8512,비탄산
BB8513,비탄산
BB8514,비탄산
BB8519,비탄산
BB8521,비탄산
BB8553,비탄산
BI5600,탄산
BI5601,탄산
BI5603,탄산
BI5604,탄산
BI5605,탄산
BI5606,탄산
BI5607,탄산
BI5608,탄산
BI5610,탄산
BI5963,탄산
BP5662,Water
BP5663,Water
BP5664,Water
BP5666,Water
BP5688,Water
BP5690,Water
BP5691,Water
BP5692,Water
BP5693,Water
BP5694,Water
BQ1524,탄산
BQ1525,탄산
BQ1526,탄산
BS5607,Water
BS5612,Water
BS5613,Water
BS5614,Water
BS5645,Water
BS5646,Water
BS9158,Water
CA1192,탄산
CA1193,탄산
CA1194,탄산
CA1195,탄산
CA1200,탄산
CA1201,탄산
CA1202,탄산
CA1203,탄산
CA1204,탄산
CA1205,탄산
CA1206,탄산
CA1210,탄산
CA1211,탄산
CB8539,비탄산
CB8549,비탄산
CC0001,탄산
CC0062,탄산
CC0360,탄산
CC0446,탄산
CC0447,탄산
CC0448,탄산
CC0449,탄산
CC0451,탄산
CC0453,탄산
CC1300,탄산
CC1302,탄산
CC1305,탄산
CC1333,탄산
CC1336,탄산
CC1337,탄산
CC1338,탄산
CC1511,탄산
CC1512,탄산
CC1513,탄산
CC1516,탄산
CC1518,탄산
CC1519,탄산
CC1521,탄산
CC1522,탄산
CC2420,탄산
CC2423,탄산
CC2424,탄산
CC2425,탄산
CC2426,탄산
CC2430,탄산
CC2440,탄산
CC2444,탄산
CC2447,탄산
CC2450,탄산
CC2451,탄산
CC2452,탄산
CC2453,탄산
CC2454,탄산
CC2515,탄산
CC2516,탄산
CC2518,탄산
CC2519,탄산
CC2520,탄산
CC2521,탄산
CC2522,탄산
CC2523,탄산
CC2524,탄산
CC2525,탄산
CC2526,탄산
CC2527,탄산
CC2528,탄산
CC2529,탄산
CC2531,탄산
CC2532,탄산
CC2565,탄산
CC2691,탄산
CC2692,탄산
CC2693,탄산
CC2694,탄산
CC2695,탄산
CC2696,탄산
CC2833,탄산
CC2941,탄산
CC3392,탄산
CC3393,탄산
CC3394,탄산
CC3395,탄산
CC3396,탄산
CC3397,탄산
CC3621,탄산
CC3622,탄산
CC4040,탄산
CC4178,탄산
CC4349,탄산
CC4352,탄산
CC4430,탄산
CC4432,탄산
CC4434,탄산
CC4480,탄산
CC4550,탄산
CC4605,탄산
CC4622,탄산
CC4623,탄산
CC4631,탄산
CC4634,탄산
CC4635,탄산
CC4636,탄산
CC4637,탄산
CC4638,탄산
CC4639,탄산
CC4641,탄산
CC4643,탄산
CC4649,탄산
CC4650,탄산
CC4651,탄산
CC4652,탄산
CC4653,탄산
CC4654,탄산
CC4660,탄산
CC4661,탄산
CC4662,탄산
CC4663,탄산
CC4665,탄산
CC4666,탄산
CC4667,탄산
CC4668,탄산
CC4669,탄산
CC4670,탄산
CC4671,탄산
CC4681,탄산
CC4682,탄산
CC4683,탄산
CC4684,탄산
CC4685,탄산
CC4686,탄산
CC4687,탄산
CC4688,탄산
CC4689,탄산
CC4690,탄산
CC4691,탄산
CC4692,탄산
CC4693,탄산
CC4694,탄산
CC4695,탄산
CC4696,탄산
CC4705,탄산
CC4706,탄산
CC4712,탄산
CC4720,탄산
CC4721,탄산
CC4811,탄산
CC4812,탄산
CC4813,탄산
CC4820,탄산
CC4821,탄산
CC4822,탄산
CC4835,탄산
CC4837,탄산
CC4838,탄산
CC4839,탄산
CC4840,탄산
CC4843,탄산
CC4846,탄산
CC4857,탄산
CC4861,탄산
CC4893,탄산
CC4894,탄산
CC5055,탄산
CC5104,탄산
CC5106,탄산
CC5107,탄산
CC5108,탄산
CC5109,탄산
CC5110,탄산
CC5111,탄산
CC5112,탄산
CC5113,탄산
CC5114,탄산
CC5115,탄산
CC5116,탄산
CC5117,탄산
CC5118,탄산
CC5135,탄산
CC5136,탄산
CC5174,탄산
CC5175,탄산
CC5478,탄산
CC5657,탄산
CC5695,탄산
CC5696,탄산
CC5697,탄산
CC5698,탄산
CC5699,탄산
CC5700,탄산
CC5701,탄산
CC5702,탄산
CC5703,탄산
CC5704,탄산
CC5705,탄산
CC5706,탄산
CC5707,탄산
CC5708,탄산
CC5709,탄산
CC5710,탄산
CC5711,탄산
CC5712,탄산
CC5713,탄산
CC5714,탄산
CC5717,탄산
CC5718,탄산
CC5721,탄산
CC5722,탄산
CC5723,탄산
CC5724,탄산
CC5727,탄산
CC5729,탄산
CC5730,탄산
CC5732,탄산
CC5733,탄산
CC5737,탄산
CC5738,탄산
CC5746,탄산
CC5756,탄산
CC5757,탄산
CC5760,탄산
CC5761,탄산
CC5762,탄산
CC5763,탄산
CC5766,탄산
CC5815,탄산
CC5816,탄산
CC5817,탄산
CC5818,탄산
CC5819,탄산
CC5821,탄산
CC5822,탄산
CC5823,탄산
CC5824,탄산
CC5825,탄산
CC5826,탄산
CC5827,탄산
CC5828,탄산
CC5829,탄산
CC5830,탄산
CC5831,탄산
CC5961,탄산
CC5962,탄산
CC5975,탄산
CC6132,탄산
CC6160,탄산
CC6194,탄산
CC6195,탄산
CC6309,탄산
CC6310,탄산
CC6311,탄산
CC6312,탄산
CC6313,탄산
CC6317,탄산
CC6669,탄산
CC6670,탄산
CC6671,탄산
CC6672,탄산
CC6673,탄산
CC6674,탄산
CC6675,탄산
CC6676,탄산
CC6677,탄산
CC6678,탄산
CC6679,탄산
CC6680,탄산
CC6725,탄산
CC6726,탄산
CC6971,탄산
CC7129,탄산
CC7532,탄산
CC7540,탄산
CC7541,탄산
CC7542,탄산
CC7549,탄산
CC7923,탄산
CC7924,탄산
CC8272,탄산
CC8273,탄산
CC8274,탄산
CC8276,탄산
CC8277,탄산
CC8279,탄산
CC8280,탄산
CC8428,탄산
CC8429,탄산
CC8447,탄산
CD0178,비탄산
CD0179,비탄산
CD3708,비탄산
CD3717,비탄산
CD3727,비탄산
CD3729,비탄산
CD3735,비탄산
CD3736,비탄산
CD3737,비탄산
CD3739,비탄산
CD3741,비탄산
CD3742,비탄산
CD3743,비탄산
CD3744,비탄산
CD4075,비탄산
CD5591,기능성
CD5592,기능성
CD5593,기능성
CD5595,기능성
CD5596,기능성
CD5868,비탄산
CD5869,비탄산
CD5870,비탄산
CD5871,비탄산
CD6423,비탄산
CD6574,비탄산
CD6576,비탄산
CD6580,비탄산
CD6581,비탄산
CD6582,비탄산
CD6583,비탄산
CD6584,비탄산
CD6585,비탄산
CD6586,비탄산
CD7550,비탄산
CD8010,Water
CD8177,비탄산
CD8178,비탄산
CD8180,비탄산
CD8182,비탄산
CD8183,비탄산
CD8184,비탄산
CD8719,비탄산
CD8806,Water
CH4493,비탄산
CH4496,비탄산
CH5750,탄산
CH6517,비탄산
CH6977,비탄산
CH8448,비탄산
CN9301,소재/기타
CP0001,비탄산
CP0002,비탄산
CP0003,비탄산
CP0004,비탄산
CP0005,비탄산
CP0006,비탄산
CP0007,비탄산
CP0008,비탄산
CP0009,비탄산
CP0010,비탄산
CP0011,비탄산
CP0012,비탄산
CP0013,비탄산
CP0014,비탄산
CP1198,비탄산
CP4112,비탄산
CP4124,비탄산
CP4125,비탄산
CP4138,비탄산
CP4270,비탄산
CP4271,비탄산
CP4272,비탄산
CP4273,비탄산
CP4278,비탄산
CP4279,비탄산
CP4280,비탄산
CP4281,비탄산
CP4282,비탄산
CP4283,비탄산
CP4284,비탄산
CP4285,비탄산
CP4290,비탄산
CP4291,비탄산
CP4303,비탄산
CP4304,비탄산
CP4305,비탄산
CP4306,비탄산
CP4311,비탄산
CP4312,비탄산
CP4313,비탄산
CP4611,비탄산
CP4613,비탄산
CP4614,비탄산
CP4615,비탄산
CP4621,비탄산
CP4897,비탄산
CP7620,비탄산
CP7621,비탄산
CP7628,비탄산
CP7630,비탄산
CP7631,비탄산
CP7700,비탄산
CP7701,비탄산
CP7707,비탄산
CP7858,비탄산
CP7861,비탄산
CP7863,비탄산
CP8554,비탄산
CR0763,탄산
CR0786,탄산
CR4845,탄산
CR7993,탄산
CR8525,탄산
CR8526,탄산
CR8527,탄산
CR8528,탄산
CR8532,탄산
CR8905,탄산
CR8907,탄산
CT4190,탄산
CT4353,탄산
CT4354,탄산
CT4481,탄산
CT4482,탄산
CT4483,탄산
CT4484,탄산
CT4485,탄산
CT4486,탄산
CT4487,탄산
CT4488,탄산
CT4489,탄산
CT4490,탄산
CT4494,탄산
CT4495,탄산
CT4497,탄산
CT4498,탄산
CT4499,탄산
CT4501,탄산
CT4502,탄산
CT4503,탄산
CT4504,탄산
CT4854,탄산
CT5618,탄산
CT5731,탄산
CT5751,탄산
CT5753,탄산
CT5937,탄산
CT5960,탄산
CT6127,탄산
CT6129,탄산
CT6130,탄산
CT6131,탄산
CT6156,탄산
CT6974,탄산
CT6975,탄산
CT7213,탄산
CT7352,탄산
CT7360,탄산
CT7361,탄산
CT7363,탄산
CT7364,탄산
CT7395,탄산
CT7396,탄산
CT7398,탄산
CT8441,탄산
CT8442,탄산
CT8449,탄산
CT8450,탄산
CT8451,탄산
CT8452,탄산
CT8453,탄산
DP0437,탄산
DP7984,탄산
DP7985,탄산
DP7986,탄산
FT0067,탄산
FT2281,탄산
FT2282,탄산
FT2283,탄산
FT2372,탄산
FT2374,탄산
FT2421,탄산
FT2431,탄산
FT2441,탄산
FT2445,탄산
FT2448,탄산
FT2456,탄산
FT2529,탄산
FT3796,탄산
FT4173,탄산
FT4175,탄산
FT4350,탄산
FT4491,탄산
FT4500,탄산
FT4551,탄산
FT4577,탄산
FT4578,탄산
FT4823,탄산
FT4849,탄산
FT4850,탄산
FT4858,탄산
FT4862,탄산
FT4908,탄산
FT4909,탄산
FT4921,탄산
FT4922,탄산
FT4923,탄산
FT4943,탄산
FT4945,탄산
FT4946,탄산
FT4947,탄산
FT4948,탄산
FT4949,탄산
FT4950,탄산
FT4951,탄산
FT4952,탄산
FT5053,탄산
FT5054,탄산
FT5101,탄산
FT5102,탄산
FT5177,탄산
FT5309,탄산
FT5312,탄산
FT5479,탄산
FT5658,탄산
FT5713,탄산
FT5715,탄산
FT5719,탄산
FT5725,탄산
FT5726,탄산
FT5734,탄산
FT5735,탄산
FT5736,탄산
FT5740,탄산
FT5741,탄산
FT5742,탄산
FT5744,탄산
FT5748,탄산
FT5749,탄산
FT5758,탄산
FT5764,탄산
FT5965,탄산
FT5966,탄산
FT5967,탄산
FT5974,탄산
FT6198,탄산
FT6199,탄산
FT6275,탄산
FT6335,탄산
FT6336,탄산
FT6343,탄산
FT6344,탄산
FT6345,탄산
FT6349,탄산
FT6381,탄산
FT6740,탄산
FT6742,탄산
FT6743,탄산
FT6745,탄산
FT6746,탄산
FT6747,탄산
FT6748,탄산
FT6749,탄산
FT6750,탄산
FT6751,탄산
FT6752,탄산
FT6753,탄산
FT6755,탄산
FT6756,탄산
FT6757,탄산
FT6758,탄산
FT6765,탄산
FT6766,탄산
FT6767,탄산
FT6768,탄산
FT6769,탄산
FT6770,탄산
FT6772,탄산
FT6774,탄산
FT6775,탄산
FT6776,탄산
FT6777,탄산
FT6778,탄산
FT6901,탄산
FT6972,탄산
FT8207,탄산
FT8618,탄산
FT8619,탄산
FZ3750,비탄산
FZ3751,비탄산
FZ3752,비탄산
FZ3753,비탄산
FZ3754,비탄산
FZ3755,비탄산
FZ3756,비탄산
FZ3757,비탄산
FZ3758,비탄산
FZ3759,비탄산
FZ3761,비탄산
FZ3766,비탄산
FZ3767,비탄산
FZ5969,비탄산
FZ7551,비탄산
GD7053,비탄산
GD7054,비탄산
GD7671,비탄산
GD7678,비탄산
GD7679,비탄산
GD7680,비탄산
GD7681,비탄산
GD7682,비탄산
GD7683,비탄산
GD7684,비탄산
GD7685,비탄산
GD7686,비탄산
GD7687,비탄산
GD7688,비탄산
GD7691,비탄산
GD7692,비탄산
GG0001,비탄산
GG0002,비탄산
GG0003,비탄산
GG0004,비탄산
GG4867,비탄산
GG4868,비탄산
GG4869,비탄산
GG4872,비탄산
GG4877,비탄산
GG4878,비탄산
GG4879,비탄산
GG4880,비탄산
GG4881,비탄산
GG4882,비탄산
GG4884,비탄산
GG4885,비탄산
GG4887,비탄산
GG4895,비탄산
GG4896,비탄산
GG4897,비탄산
GG4899,비탄산
GG4900,비탄산
GG4905,비탄산
GG4906,비탄산
GG4957,비탄산
GG4961,비탄산
GG4962,비탄산
GG4971,비탄산
GG4972,비탄산
GG4973,비탄산
GG4974,비탄산
GG4978,비탄산
GG4979,비탄산
GG4980,비탄산
GG4981,비탄산
GG4982,비탄산
GG4983,비탄산
GG4984,비탄산
GG4985,비탄산
GG4986,비탄산
GG4987,비탄산
GG4988,비탄산
GG4989,비탄산
GG4991,비탄산
GG4993,비탄산
GG4994,비탄산
GG4996,비탄산
GG4997,비탄산
GG4998,비탄산
GG4999,비탄산
GG5007,비탄산
GG5281,비탄산
GG5282,비탄산
GG5283,비탄산
GG5971,비탄산
GG5972,비탄산
GG8050,비탄산
GG8051,비탄산
GG8052,비탄산
GG8053,비탄산
GG8054,비탄산
GG8055,비탄산
GG8056,비탄산
GG8057,비탄산
GG8058,비탄산
GG8060,비탄산
GG8061,비탄산
GG8062,비탄산
GG8063,비탄산
GG8064,비탄산
GG8065,비탄산
GG8066,비탄산
GG8067,비탄산
GG8068,비탄산
GG8069,비탄산
GG8070,비탄산
GG8071,비탄산
GG8072,비탄산
GG8073,비탄산
GG8074,비탄산
GG8075,비탄산
GG8076,비탄산
GG8077,비탄산
GG8078,비탄산
GG8079,비탄산
GG8080,비탄산
GG8081,비탄산
GG8082,비탄산
GG8083,비탄산
GG8084,비탄산
GG8085,비탄산
GG8086,비탄산
GG8087,비탄산
GG8090,비탄산
GG8091,비탄산
GG8092,비탄산
GG8093,비탄산
GG8094,비탄산
GG8095,비탄산
GG8096,비탄산
GG8097,비탄산
GG8098,비탄산
GG8099,비탄산
GG8100,비탄산
GG8101,비탄산
GG8102,비탄산
GG8103,비탄산
GG8104,비탄산
GG8105,비탄산
GG8106,비탄산
GG8107,비탄산
GG8108,비탄산
GG8109,비탄산
GG8110,비탄산
GG8111,비탄산
GG8112,비탄산
GG8113,비탄산
GG8115,비탄산
GG8116,비탄산
GG8117,비탄산
GG8118,비탄산
GG8119,비탄산
GG8120,비탄산
GG8121,비탄산
GG8122,비탄산
GG8123,비탄산
GG8124,비탄산
GG8125,비탄산
GG8126,비탄산
GG8127,비탄산
GG8128,비탄산
GG8129,비탄산
GG8130,비탄산
GG8131,비탄산
GG8132,비탄산
GG8133,비탄산
GG8134,비탄산
GG8135,비탄산
GG8136,비탄산
GG8137,비탄산
GG8138,비탄산
GG8139,비탄산
GG8140,비탄산
GG8141,비탄산
GG8142,비탄산
GG8143,비탄산
GG8144,비탄산
GG8145,비탄산
GG8146,비탄산
GG8147,비탄산
GG8148,비탄산
GG8149,비탄산
GG8150,비탄산
GG8151,비탄산
GG8152,비탄산
GG8153,비탄산
GG8154,비탄산
GG8155,비탄산
GG8156,비탄산
GG8157,비탄산
GG8158,비탄산
GG8159,비탄산
GG8160,비탄산
GG8161,비탄산
GG8162,비탄산
GG8163,비탄산
GG8164,비탄산
GG8165,비탄산
GG8166,비탄산
GG8167,비탄산
GG8168,비탄산
GG8169,비탄산
GG8171,비탄산
GG8172,비탄산
GG8173,비탄산
GG8174,비탄산
GG8175,비탄산
GG8176,비탄산
GG8179,비탄산
GG8181,비탄산
GG8185,비탄산
GG8190,비탄산
GG8191,비탄산
GG8223,비탄산
GG8224,비탄산
GG8225,비탄산
GG8226,비탄산
GG8227,비탄산
GG8228,비탄산
GG8229,비탄산
GG8230,비탄산
GG8231,비탄산
GG8232,비탄산
GG8233,비탄산
GG8234,비탄산
GG8235,비탄산
GG8236,비탄산
GG8237,비탄산
GG8238,비탄산
GG8240,비탄산
GG8241,비탄산
GG8242,비탄산
GG8243,비탄산
GG8244,비탄산
GG8245,비탄산
GG8246,비탄산
GG8247,비탄산
GG8248,비탄산
GG8249,비탄산
GG8251,비탄산
GG8252,비탄산
GG8253,비탄산
GG8254,비탄산
GG8255,비탄산
GG8256,비탄산
GG8261,비탄산
GG8262,비탄산
GG8263,비탄산
GG8264,비탄산
GG9145,비탄산
GG9146,비탄산
GL5451,비탄산
GL5452,비탄산
GL5453,비탄산
GL5454,비탄산
GL5455,비탄산
GL5456,비탄산
GL5471,비탄산
GL5472,비탄산
GL5480,비탄산
GL5490,비탄산
GL5491,비탄산
GL5492,비탄산
GL5493,비탄산
GL5494,비탄산
GL5495,비탄산
GL5497,비탄산
GL5498,비탄산
GL5499,Water
GL5500,Water
GL5502,Water
GL5503,비탄산
GL5507,비탄산
GL5508,비탄산
GL5509,비탄산
GL5510,비탄산
GL5511,비탄산
GL5516,비탄산
GL5517,비탄산
GL5518,비탄산
GL5519,비탄산
GL5520,비탄산
GL5521,비탄산
GL5525,비탄산
GL5526,비탄산
GL5527,비탄산
GL5530,비탄산
GL5531,비탄산
GL5532,비탄산
GL5533,비탄산
GL5535,비탄산
GL5536,비탄산
GL5537,비탄산
GL5538,비탄산
GL5539,비탄산
GL5541,비탄산
GL5542,비탄산
GL5543,비탄산
GL5544,비탄산
GL5545,비탄산
GL5546,비탄산
GL5547,비탄산
GL5548,비탄산
GL5549,비탄산
GL5550,비탄산
GL5551,비탄산
GL5552,비탄산
GL5553,비탄산
GL5554,비탄산
GL5555,비탄산
GL5556,비탄산
GL5557,비탄산
GL5560,비탄산
GL5561,비탄산
GL5562,비탄산
GL5563,비탄산
GL5564,비탄산
GL5565,비탄산
GL5566,비탄산
GL5567,비탄산
GL5568,비탄산
GL5570,비탄산
GL5571,비탄산
GL5572,비탄산
GL5573,비탄산
GL5577,비탄산
GL5578,비탄산
GL5579,비탄산
GL5580,비탄산
GL5581,비탄산
GL5586,비탄산
GL5587,비탄산
GP8590,비탄산
GP8591,비탄산
GP8592,비탄산
GP8593,비탄산
GP8594,비탄산
GP8595,비탄산
GP8596,비탄산
GS0001,기능성
GS0002,기능성
GS0003,기능성
GS0004,기능성
GS0005,기능성
GS0006,기능성
GS5364,기능성
GS5370,기능성
GS5371,기능성
GS5372,기능성
GS5374,기능성
GS5375,기능성
GS5376,기능성
GS5378,기능성
GS5379,기능성
GS5381,기능성
GS5383,기능성
GS5384,기능성
GS5385,기능성
GS5386,기능성
GS5387,기능성
GS5388,기능성
GS5389,기능성
GS5390,기능성
GS5391,기능성
GS5392,기능성
GS5393,기능성
GS5394,기능성
GS5395,기능성
GS5396,기능성
HB0001,비탄산
HB0002,비탄산
HB0003,비탄산
HB0004,비탄산
HB0005,비탄산
HB0006,비탄산
HB0007,비탄산
HB0008,비탄산
HB0009,비탄산
HB9132,비탄산
HB9144,비탄산
HB9183,비탄산
HB9184,비탄산
HB9185,비탄산
HB9190,비탄산
HB9194,비탄산
HB9197,비탄산
HB9198,비탄산
HB9199,비탄산
HC1745,비탄산
HC4588,비탄산
HC4589,비탄산
HC4590,비탄산
HC4591,비탄산
HC4592,비탄산
HC4593,비탄산
HC4594,비탄산
HC4595,비탄산
HC4596,비탄산
HC4597,비탄산
HC4598,비탄산
HC4600,비탄산
HC4601,비탄산
HC4602,비탄산
HC4603,비탄산
HC4673,비탄산
HC4890,비탄산
HC5222,비탄산
HC5223,비탄산
HC5225,비탄산
HC5226,비탄산
HC6784,비탄산
HC6811,비탄산
HC6905,비탄산
HC6906,비탄산
HC6907,비탄산
HC6910,비탄산
HC7156,비탄산
HC7157,비탄산
HC7190,비탄산
HC7191,비탄산
HC7192,비탄산
HC7251,비탄산
HC7252,비탄산
HC7253,비탄산
HC7261,비탄산
HC7264,비탄산
HC7275,비탄산
HC7277,비탄산
HC7285,비탄산
HC7294,비탄산
HC7295,비탄산
HC7418,비탄산
HC7419,비탄산
HC7420,비탄산
HC7422,비탄산
HC7424,비탄산
HC7425,비탄산
HC7426,비탄산
HC7940,비탄산
HD0158,비탄산
HD0159,비탄산
HD0235,탄산
HD0363,탄산
HD0366,탄산
HD0394,탄산
HD0418,탄산
HD0419,탄산
HD0430,탄산
HD0431,탄산
HD0432,탄산
HD0438,탄산
HD0452,탄산
HD0455,탄산
HD0458,탄산
HD0459,탄산
HD0461,탄산
HD0472,비탄산
HD0476,비탄산
HD0485,비탄산
HD0486,비탄산
HD0487,비탄산
HD0488,비탄산
HD0489,비탄산
HD0503,Water
HD0505,Water
HD0548,비탄산
HD0550,비탄산
HD0568,비탄산
HD0637,Water
HD0655,탄산
HD0659,탄산
HD0676,비탄산
HD0677,비탄산
HD0678,비탄산
HD0679,비탄산
HD0684,비탄산
HD0737,기능성
HD0738,기능성
HD0739,기능성
HD0740,기능성
HD0743,기능성
HD0748,기능성
HD0749,기능성
HD0750,기능성
HD0756,기능성
HD0758,기능성
HD0759,기능성
HD0760,기능성
HD0789,비탄산
HD0792,비탄산
HD0793,비탄산
HD0794,비탄산
HD0795,비탄산
HD0798,비탄산
HD0799,비탄산
HD0843,비탄산
HD0859,탄산
HD0868,비탄산
HD0869,비탄산
HD0873,비탄산
HD0875,비탄산
HD0876,비탄산
HD0934,비탄산
HD0947,비탄산
HD0957,비탄산
HD0959,비탄산
HD0960,비탄산
HD0961,비탄산
HD0962,비탄산
HD0963,비탄산
HD0964,비탄산
HD1002,기능성
HD1087,비탄산
HD1088,비탄산
HD1096,기능성
HD1127,비탄산
HD1128,비탄산
HD1130,비탄산
HD1142,비탄산
HD1509,비탄산
HD1510,비탄산
HD1528,기능성
HD1529,기능성
HD1532,기능성
HD1533,기능성
HD1536,비탄산
HD1537,비탄산
HD1538,비탄산
HD1539,비탄산
HD1540,비탄산
HD1773,비탄산
HD2013,비탄산
HD2047,비탄산
HD2077,비탄산
HD2079,비탄산
HD2083,비탄산
HD2100,비탄산
HD2102,비탄산
HD2103,비탄산
HD2104,비탄산
HD2105,비탄산
HD2108,비탄산
HD2223,비탄산
HD2226,비탄산
HD2227,비탄산
HD2228,비탄산
HD2229,비탄산
HD2372,비탄산
HD2373,비탄산
HD2602,비탄산
HD2716,기능성
HD2813,비탄산
HD2817,비탄산
HD3130,비탄산
HD3135,비탄산
HD3145,비탄산
HD3149,비탄산
HD3158,비탄산
HD3301,비탄산
HD3302,비탄산
HD3751,기능성
HD3752,비탄산
HD3753,비탄산
HD4030,비탄산
HD4057,비탄산
HD4080,비탄산
HD4086,비탄산
HD4099,기능성
HD4195,비탄산
HD4197,비탄산
HD4200,비탄산
HD4235,비탄산
HD4316,비탄산
HD4600,비탄산
HD4601,비탄산
HD4602,비탄산
HD4603,비탄산
HD4604,비탄산
HD4620,비탄산
HD4622,비탄산
HD4632,비탄산
HD4635,비탄산
HD4636,기능성
HD4637,비탄산
HD4638,비탄산
HD4639,비탄산
HD4644,비탄산
HD4646,비탄산
HD4676,비탄산
HD4682,비탄산
HD4699,비탄산
HD4720,비탄산
HD4721,비탄산
HD4828,비탄산
HD4836,비탄산
HD4837,비탄산
HD4851,비탄산
HD4852,비탄산
HD4853,비탄산
HD4854,비탄산
HD4856,비탄산
HD4864,비탄산
HD4871,비탄산
HD4872,비탄산
HD4991,기능성
HD4992,기능성
HD5665,Water
HD7232,비탄산
HD7234,비탄산
HD7253,비탄산
HD7260,비탄산
HD7261,비탄산
HD7322,탄산
HD7460,기능성
HD7461,비탄산
HD7465,기능성
HD7475,비탄산
HD7476,비탄산
HD7477,비탄산
HD7478,비탄산
HD7481,비탄산
HD7487,비탄산
HD7488,비탄산
HD7530,비탄산
HD7531,비탄산
HD7532,비탄산
HD7533,비탄산
HD7534,비탄산
HD7550,비탄산
HD7551,비탄산
HD7670,비탄산
HD7672,비탄산
HD7673,비탄산
HD7733,탄산
HD7734,탄산
HD7735,비탄산
HD7736,비탄산
HD7738,탄산
HD7739,탄산
HD7740,비탄산
HD7741,비탄산
HD7742,비탄산
HD7743,비탄산
HD7746,기능성
HD7750,비탄산
HD7753,비탄산
HD7754,비탄산
HD9155,비탄산
HO8210,비탄산
HO8211,비탄산
HO8212,비탄산
HO8213,비탄산
HO8214,비탄산
HO8215,비탄산
HO8216,비탄산
HO8217,비탄산
HT4310,탄산
HT4317,탄산
HT4319,탄산
HT4320,탄산
HT4321,탄산
HT4324,탄산
HY4170,기능성
HY4172,기능성
HY4338,비탄산
HY4339,비탄산
HY9195,기능성
IL5872,비탄산
IL5873,비탄산
IM3200,비탄산
IM3201,비탄산
IM3202,비탄산
KB4741,기능성
KB4834,기능성
KB4835,기능성
KB4894,기능성
KB4895,기능성
KB7483,기능성
KC0001,비탄산
KC0002,비탄산
KC0003,비탄산
KC0004,비탄산
KC0005,비탄산
KC0006,비탄산
KC0007,비탄산
KC0008,비탄산
KC0009,비탄산
KC0010,비탄산
KC0011,비탄산
KC0012,비탄산
KC0013,비탄산
KC0014,비탄산
KC0015,비탄산
KC0016,비탄산
KC0017,비탄산
KC1756,비탄산
KC2209,비탄산
KC2210,비탄산
KC2216,비탄산
KC2217,비탄산
KC2923,비탄산
KC3235,비탄산
KC3243,비탄산
KC3245,비탄산
KC3255,비탄산
KC3277,비탄산
KC3278,비탄산
KC3279,비탄산
KC3280,비탄산
KC4034,비탄산
KC4053,비탄산
KC4071,비탄산
KC4075,비탄산
KC4076,비탄산
KC4115,비탄산
KC4619,비탄산
KC4624,비탄산
KC4633,비탄산
KC4648,비탄산
KC4689,비탄산
KC4696,비탄산
KC4703,비탄산
KC4711,비탄산
KC4716,비탄산
KC4717,비탄산
KC4725,비탄산
KC4727,비탄산
KC4757,비탄산
KC4800,비탄산
KC4801,비탄산
KC4802,비탄산
KC4803,비탄산
KC4804,비탄산
KC4805,비탄산
KC4806,비탄산
KC4807,비탄산
KC4808,비탄산
KC4809,비탄산
KC4810,비탄산
KC4811,비탄산
KC4812,비탄산
KC4813,비탄산
KC4814,비탄산
KC4815,비탄산
KC4816,비탄산
KC4827,비탄산
KC4829,비탄산
KC4830,비탄산
KC4831,비탄산
KC4832,비탄산
KC4855,비탄산
KC4873,비탄산
KC4874,비탄산
KC4875,비탄산
KC4886,비탄산
KC4887,비탄산
KC4928,비탄산
KC4944,비탄산
KC4969,비탄산
KC5105,비탄산
KC5107,비탄산
KC5117,비탄산
KC7636,비탄산
KC7637,비탄산
KC7643,비탄산
KC8197,비탄산
KC8211,비탄산
KC8415,비탄산
KC9130,비탄산
KC9193,비탄산
KD7484,비탄산
KD7640,비탄산
KI2434,탄산
KI2436,탄산
KI2438,탄산
KI2439,탄산
KI2442,탄산
KI4554,탄산
KI4555,탄산
KI4556,탄산
KI4557,탄산
KI4558,탄산
KI4559,탄산
KI4560,탄산
KI4561,탄산
KI4625,탄산
KI4627,탄산
KI4852,탄산
KI4853,탄산
KI4860,탄산
KI5033,탄산
KI5302,탄산
KI5310,탄산
KI5311,탄산
KI5314,탄산
KI5315,탄산
KI5716,탄산
KI5720,탄산
KI5728,탄산
KI5923,탄산
KI5924,탄산
KI5925,탄산
KI5926,탄산
KI5927,탄산
KI5928,탄산
KI6159,탄산
KI6171,탄산
KI6175,탄산
KI6176,탄산
KI6177,탄산
KI7037,탄산
KI7039,탄산
KM0001,비탄산
KM0002,비탄산
KM0003,비탄산
KM0004,비탄산
KM0005,비탄산
KM0006,비탄산
KM0007,비탄산
KM0008,비탄산
KM0009,비탄산
KM0010,비탄산
KM0011,비탄산
KM0012,비탄산
KM0013,비탄산
KM1670,비탄산
KM1673,비탄산
KM1738,비탄산
KM1748,비탄산
KM1778,비탄산
KM2825,비탄산
KM2826,비탄산
KM2829,비탄산
KM2931,탄산
KM4137,비탄산
KM4274,비탄산
KM4275,비탄산
KM4287,탄산
KM4288,탄산
KM4289,탄산
KM4290,탄산
KM4301,비탄산
KM4826,비탄산
KM4833,비탄산
KM4844,비탄산
KM4865,비탄산
KM4876,비탄산
KM4924,비탄산
KM4925,비탄산
KM4929,비탄산
KM4930,탄산
KM4931,탄산
KM4932,비탄산
KM5109,비탄산
KM7002,비탄산
KM8034,비탄산
KM8088,비탄산
KM8199,비탄산
KT3605,소재/기타
KT3606,소재/기타
KT3607,소재/기타
KT3608,소재/기타
KT3624,소재/기타
KT3625,소재/기타
KT3626,소재/기타
KT3633,소재/기타
KT3634,소재/기타
KT3635,소재/기타
KT3636,소재/기타
KT3637,소재/기타
KT3638,소재/기타
KT3639,소재/기타
KT3640,소재/기타
KT3641,소재/기타
KT3642,소재/기타
KT3643,소재/기타
KT3644,소재/기타
KT3645,소재/기타
KT3646,소재/기타
KT3647,소재/기타
KT3648,소재/기타
KT3649,소재/기타
KT3650,소재/기타
KT3651,소재/기타
KT3652,소재/기타
KT3653,소재/기타
KT3654,소재/기타
KT3655,소재/기타
KT3656,소재/기타
KT3657,소재/기타
KT3658,소재/기타
KT3659,소재/기타
KT3660,소재/기타
KT3661,소재/기타
KT3662,소재/기타
KT3663,소재/기타
KT3664,소재/기타
KT3665,소재/기타
KT3666,소재/기타
KT3667,소재/기타
KT3668,소재/기타
KT3669,소재/기타
KT3670,소재/기타
KT3671,소재/기타
KT3672,소재/기타
KT3673,소재/기타
KT3674,소재/기타
KT3675,소재/기타
KT3676,소재/기타
KT3677,소재/기타
KT3678,소재/기타
KT3679,소재/기타
KT3680,소재/기타
KT3681,소재/기타
KT3682,소재/기타
KT3683,소재/기타
KT3684,소재/기타
KT3685,소재/기타
KT3686,소재/기타
KT3687,소재/기타
KT3688,소재/기타
KT3689,소재/기타
KT3690,소재/기타
KT3691,소재/기타
KT3692,소재/기타
KT3693,소재/기타
KT4599,소재/기타
KT4612,소재/기타
KT4630,소재/기타
KT5801,소재/기타
KT5802,소재/기타
KT5803,소재/기타
KT5804,소재/기타
KT5805,소재/기타
KT5806,소재/기타
KT5807,소재/기타
KT5808,소재/기타
KT5809,소재/기타
KT5810,소재/기타
KT5811,소재/기타
KT5812,소재/기타
KT5813,소재/기타
KT5814,소재/기타
KT5834,소재/기타
KT5835,소재/기타
KT5836,소재/기타
KT5837,소재/기타
KT5838,소재/기타
KT5839,소재/기타
KT5840,소재/기타
KT5841,소재/기타
KT5842,소재/기타
KT5843,소재/기타
KT5844,소재/기타
KT6124,소재/기타
KT6125,소재/기타
KT6126,소재/기타
KT6285,소재/기타
KT6305,소재/기타
KT6353,소재/기타
KT6456,소재/기타
KT6457,소재/기타
KT6919,소재/기타
KT6920,소재/기타
KT6921,소재/기타
KT6922,소재/기타
KT7211,소재/기타
KT7296,소재/기타
KT8170,소재/기타
KT8780,소재/기타
KT8863,소재/기타
KT8874,소재/기타
KT9000,소재/기타
KZ0001,비탄산
KZ2183,비탄산
KZ2184,비탄산
KZ4087,비탄산
KZ4088,비탄산
KZ4089,비탄산
KZ4090,비탄산
KZ4092,비탄산
KZ4096,비탄산
KZ7723,비탄산
KZ7857,비탄산
MJ0001,기능성
MJ0002,기능성
MJ0003,기능성
MJ2074,비탄산
MJ2125,비탄산
MJ2126,비탄산
MJ2127,비탄산
MJ2128,비탄산
MJ2129,비탄산
MJ2130,비탄산
MJ2133,비탄산
MJ2136,비탄산
MJ2137,비탄산
MJ2138,비탄산
MJ2139,비탄산
MJ2145,비탄산
MJ2146,비탄산
MJ2147,비탄산
MJ2619,기능성
MJ2620,기능성
MJ4401,기능성
MJ4402,기능성
MJ4403,기능성
MJ4404,기능성
MJ4405,기능성
MJ4406,기능성
MJ4407,기능성
MJ4408,기능성
MJ4409,기능성
MJ4664,기능성
MJ4738,기능성
MJ4839,기능성
MJ4841,기능성
MJ4842,기능성
MJ4843,기능성
MJ4857,기능성
MJ4866,기능성
MJ4867,기능성
MJ4868,기능성
MJ4869,기능성
MJ4870,기능성
MJ4889,기능성
MJ4890,기능성
MJ4891,기능성
MJ4892,기능성
MJ4941,비탄산
MJ4942,비탄산
MJ4975,기능성
MJ4976,기능성
MJ4980,기능성
MJ4981,기능성
MJ4982,기능성
MJ4983,기능성
MJ4984,기능성
MJ4985,기능성
MJ4986,기능성
MJ4987,기능성
MJ4990,기능성
MJ4993,기능성
MJ5380,기능성
MJ7638,기능성
MJ7639,기능성
MJ7641,비탄산
MJ7644,기능성
MJ7645,기능성
MJ7693,비탄산
MJ7694,비탄산
MJ7695,비탄산
MJ7696,비탄산
MJ7697,비탄산
MJ7698,비탄산
MJ7699,비탄산
MJ7702,비탄산
MJ7703,비탄산
MJ7705,비탄산
MJ7706,비탄산
MJ7708,비탄산
MJ7725,비탄산
MJ7770,비탄산
MJ7771,비탄산
MJ7772,비탄산
MJ7773,비탄산
MJ7774,비탄산
MJ7776,비탄산
MJ7866,비탄산
MJ7867,비탄산
MJ9101,기능성
MJ9115,기능성
MJ9117,기능성
MJ9120,기능성
MJ9121,기능성
MJ9129,기능성
MJ9143,기능성
MJ9160,기능성
MJ9162,기능성
MJ9164,기능성
MJ9165,기능성
MJ9166,기능성
MJ9170,기능성
MJ9173,기능성
MM0001,비탄산
MM0002,비탄산
MM0003,비탄산
MM0004,비탄산
MM0005,비탄산
MM0006,비탄산
MM0007,비탄산
MM0008,비탄산
MM0009,비탄산
MM0010,비탄산
MM1871,비탄산
MM2418,비탄산
MM2967,비탄산
MM2971,비탄산
MM2975,비탄산
MM2976,비탄산
MM2977,비탄산
MM2978,비탄산
MM3101,비탄산
MM3850,비탄산
MM3875,비탄산
MM4041,탄산
MM4042,탄산
MM4077,비탄산
MM4081,비탄산
MM4082,비탄산
MM4090,비탄산
MM4091,비탄산
MM4093,비탄산
MM4094,비탄산
MM4100,비탄산
MM4101,비탄산
MM4102,비탄산
MM4103,비탄산
MM4107,비탄산
MM4108,비탄산
MM4109,비탄산
MM4110,비탄산
MM4111,비탄산
MM4112,비탄산
MM4113,비탄산
MM4114,비탄산
MM4115,비탄산
MM4116,비탄산
MM4117,비탄산
MM4118,비탄산
MM4120,비탄산
MM4121,비탄산
MM4122,비탄산
MM4123,비탄산
MM4126,비탄산
MM4127,비탄산
MM4128,비탄산
MM4129,비탄산
MM4130,비탄산
MM4131,비탄산
MM4132,비탄산
MM4133,비탄산
MM4134,비탄산
MM4135,비탄산
MM4136,탄산
MM4140,탄산
MM4141,탄산
MM4142,탄산
MM4143,탄산
MM4144,탄산
MM4145,탄산
MM4146,탄산
MM4147,탄산
MM4148,탄산
MM4149,탄산
MM4150,탄산
MM4151,탄산
MM4152,탄산
MM4153,탄산
MM4154,탄산
MM4155,탄산
MM4156,탄산
MM4157,탄산
MM4158,탄산
MM4159,탄산
MM4519,비탄산
MM4758,비탄산
MM5292,비탄산
MM5293,비탄산
MM5294,비탄산
MM5295,비탄산
MM5296,비탄산
MM5297,비탄산
MM5298,비탄산
MM5303,비탄산
MM5304,비탄산
MM5305,비탄산
MM5321,비탄산
MM5322,비탄산
MM5323,비탄산
MM5324,비탄산
MM5325,비탄산
MM5326,비탄산
MM5331,비탄산
MM5332,비탄산
MM5333,비탄산
MM5334,비탄산
MM5919,비탄산
MM6353,비탄산
MM6354,비탄산
MM6355,비탄산
MM6356,비탄산
MM6357,비탄산
MM6372,비탄산
MM6453,비탄산
MM6500,비탄산
MM6501,비탄산
MM6502,비탄산
MM6503,비탄산
MM6505,비탄산
MM6506,비탄산
MM6509,비탄산
MM6510,비탄산
MM6511,비탄산
MM6512,비탄산
MM6516,비탄산
MM6519,비탄산
MM6520,비탄산
MM6521,비탄산
MM6522,비탄산
MM6523,비탄산
MM6524,비탄산
MM6525,비탄산
MM6526,비탄산
MM6527,비탄산
MM6528,비탄산
MM6529,비탄산
MM6530,비탄산
MM6531,비탄산
MM6532,비탄산
MM6534,비탄산
MM6535,비탄산
MM6536,비탄산
MM6537,비탄산
MM6538,비탄산
MM6539,비탄산
MM6540,비탄산
MM6541,비탄산
MM6545,비탄산
MM6548,비탄산
MM6555,비탄산
MM6556,비탄산
MM6557,비탄산
MM6559,비탄산
MM6560,비탄산
MM6561,비탄산
MM6562,비탄산
MM6564,비탄산
MM6565,비탄산
MM6567,비탄산
MM6568,비탄산
MM6569,비탄산
MM6570,비탄산
MM6571,비탄산
MM6572,비탄산
MM6573,비탄산
MM6577,비탄산
MM6578,비탄산
MM6579,비탄산
MM6587,비탄산
MM6588,비탄산
MM6589,비탄산
MM6590,비탄산
MM6591,비탄산
MM6592,비탄산
MM6593,비탄산
MM6594,비탄산
MM6595,비탄산
MM6596,비탄산
MM6597,비탄산
MM6598,비탄산
MM6599,비탄산
MM6600,비탄산
MM6681,비탄산
MM6682,비탄산
MM6685,비탄산
MM6686,비탄산
MM6687,비탄산
MM6688,비탄산
MM6689,비탄산
MM6690,비탄산
MM6691,비탄산
MM6692,비탄산
MM6693,비탄산
MM6694,비탄산
MM6695,비탄산
MM6696,비탄산
MM6697,비탄산
MM6698,비탄산
MM6700,비탄산
MM6701,비탄산
MM6702,비탄산
MM6703,비탄산
MM6705,비탄산
MM6706,비탄산
MM6708,비탄산
MM6709,비탄산
MM6710,비탄산
MM6711,비탄산
MM6712,비탄산
MM6720,비탄산
MM6721,비탄산
MM6722,비탄산
MM6727,비탄산
MM6728,비탄산
MM6731,비탄산
MM6736,비탄산
MM6737,비탄산
MM6738,비탄산
MM6854,비탄산
MM6985,비탄산
MM6986,비탄산
MM6991,비탄산
MM6992,비탄산
MM6993,비탄산
MM6994,비탄산
MM6996,비탄산
MM7001,비탄산
MM7002,비탄산
MM7003,비탄산
MM7004,비탄산
MM7005,비탄산
MM7006,비탄산
MM7007,비탄산
MM7008,비탄산
MM7009,비탄산
MM7010,비탄산
MM7011,비탄산
MM7012,비탄산
MM7013,비탄산
MM7014,비탄산
MM7015,비탄산
MM7016,비탄산
MM7017,비탄산
MM7018,비탄산
MM7019,비탄산
MM7020,비탄산
MM7021,비탄산
MM7025,비탄산
MM7026,비탄산
MM7027,비탄산
MM7028,비탄산
MM7029,비탄산
MM7034,비탄산
MM7035,비탄산
MM7036,비탄산
MM7038,비탄산
MM7040,비탄산
MM7041,비탄산
MM7042,비탄산
MM7043,비탄산
MM7044,비탄산
MM7045,비탄산
MM7046,비탄산
MM7047,비탄산
MM7048,비탄산
MM7049,비탄산
MM7130,비탄산
MM7131,비탄산
MM7140,비탄산
MM7141,비탄산
MM7142,비탄산
MM7143,비탄산
MM7144,비탄산
MM7145,비탄산
MM7146,비탄산
MM7147,비탄산
MM7148,비탄산
MM7149,비탄산
MM7150,비탄산
MM7151,비탄산
MM7152,비탄산
MM7153,비탄산
MM7154,비탄산
MM7177,비탄산
MM7178,비탄산
MM7179,비탄산
MM7180,비탄산
MM7182,비탄산
MM7183,비탄산
MM7184,비탄산
MM7185,비탄산
MM7186,비탄산
MM7187,비탄산
MM7188,비탄산
MM7226,비탄산
MM7229,비탄산
MM7741,비탄산
MM7743,비탄산
MM7751,비탄산
MM7752,비탄산
MM7753,비탄산
MM7754,비탄산
MM7763,비탄산
MM7800,비탄산
MM7801,비탄산
MM7802,비탄산
MM7803,비탄산
MM7804,비탄산
MM7808,비탄산
MM7809,비탄산
MM7811,비탄산
MM7812,비탄산
MM7813,비탄산
MM7814,비탄산
MM7815,비탄산
MM7820,비탄산
MM7821,비탄산
MM7822,비탄산
MM7823,비탄산
MM7824,비탄산
MM7825,비탄산
MM7826,비탄산
MM7831,비탄산
MM7832,비탄산
MM7833,비탄산
MM7834,비탄산
MM7835,비탄산
MM7838,비탄산
MM7839,비탄산
MM7840,비탄산
MM7841,비탄산
MM7843,비탄산
MM7844,비탄산
MM7845,비탄산
MM7846,비탄산
MM7847,비탄산
MM7849,비탄산
MM7850,비탄산
MM7851,비탄산
MM7852,비탄산
MM7853,비탄산
MM7854,비탄산
MM7855,비탄산
MM7857,비탄산
MM7858,비탄산
MM7859,비탄산
MM7860,비탄산
MM7868,비탄산
MM7869,비탄산
MM7870,비탄산
MM7871,비탄산
MM7872,비탄산
MM7873,비탄산
MM7874,비탄산
MM7875,비탄산
MM7876,비탄산
MM7877,비탄산
MM7878,비탄산
MM7879,비탄산
MM7880,비탄산
MM7881,비탄산
MM7882,비탄산
MM7883,비탄산
MM7884,비탄산
MM7885,비탄산
MM7886,비탄산
MM7887,비탄산
MM7888,비탄산
MM7889,비탄산
MM7890,비탄산
MM7891,비탄산
MM7892,비탄산
MM7895,비탄산
MM7896,비탄산
MM7897,비탄산
MM7898,비탄산
MM7899,비탄산
MM7900,비탄산
MM7901,비탄산
MM7902,비탄산
MM7903,비탄산
MM7904,비탄산
MM7905,비탄산
MM7906,비탄산
MM7907,비탄산
MM7908,비탄산
MM7909,비탄산
MM7911,비탄산
MM7912,비탄산
MM7913,비탄산
MM7914,비탄산
MM7915,비탄산
MM7916,비탄산
MM7917,비탄산
MM7920,비탄산
MM7921,비탄산
MM7922,비탄산
MM7925,비탄산
MM7926,비탄산
MM7927,비탄산
MM7930,비탄산
MM7931,비탄산
MM7932,비탄산
MM7933,비탄산
MM7934,비탄산
MM7935,비탄산
MM7936,비탄산
MM7941,비탄산
MM7942,비탄산
MM7943,비탄산
MM7944,비탄산
MM7945,비탄산
MM7946,비탄산
MM7947,비탄산
MM7948,비탄산
MM8114,비탄산
MM8420,비탄산
MM8421,비탄산
MM8422,비탄산
MM8424,비탄산
MM8426,비탄산
MM8427,비탄산
MM8433,비탄산
MM8434,비탄산
MM8828,비탄산
MM8829,비탄산
MO5635,탄산
MO5636,탄산
MO5637,탄산
MO5638,탄산
MO5639,탄산
MO5640,탄산
MO5641,탄산
MO5642,탄산
MO5643,탄산
MO5653,탄산
MO5654,탄산
MO5659,탄산
PA0001,비탄산
PA0002,비탄산
PA2530,비탄산
PA3115,비탄산
PA4179,비탄산
PA4562,비탄산
PA4563,비탄산
PA4564,비탄산
PA4565,비탄산
PA4566,비탄산
PA4567,비탄산
PA5362,비탄산
PA5363,비탄산
PA5367,비탄산
PA5368,비탄산
PA5369,비탄산
PA5370,비탄산
PA5377,비탄산
PA5378,비탄산
PA5968,비탄산
PA6273,비탄산
PA6274,비탄산
PA6276,비탄산
PA6277,비탄산
PA6278,비탄산
PA6279,비탄산
PA6870,비탄산
PA6871,비탄산
PA6872,비탄산
PA6873,비탄산
PA7220,비탄산
PA7221,비탄산
PA7222,비탄산
PA8500,비탄산
PA8505,비탄산
PA8507,비탄산
PA8508,비탄산
PA8511,비탄산
PA8512,비탄산
PA8513,비탄산
PA8514,비탄산
PA8515,비탄산
PA8516,비탄산
PA8517,비탄산
PA8518,비탄산
PA8519,비탄산
PA8521,비탄산
PA8522,비탄산
PA8525,비탄산
PA8526,비탄산
PA8527,비탄산
PA8528,비탄산
PA8529,비탄산
PA8530,비탄산
PA8532,비탄산
PA8540,비탄산
PA8541,비탄산
PA8542,비탄산
PA8543,비탄산
PA8544,비탄산
PA8545,비탄산
PA8546,비탄산
PA8547,비탄산
PA8548,비탄산
PA8564,비탄산
PA8565,비탄산
PA8566,비탄산
PA8567,비탄산
PA8570,비탄산
PA8572,비탄산
PA8573,비탄산
PA8574,비탄산
PA8577,비탄산
PA8579,비탄산
PA8580,비탄산
PA8582,비탄산
PA8621,비탄산
PA8622,비탄산
PA8623,비탄산
PA8624,비탄산
PA8625,비탄산
PA8626,비탄산
PA8631,비탄산
PB0001,기능성
PB0900,탄산
PB0907,탄산
PB0909,탄산
PB5312,기능성
PB5313,기능성
PB5314,기능성
PB5315,기능성
PB5316,기능성
PB5317,기능성
PB5318,기능성
PB5319,기능성
PB5320,기능성
PB5321,기능성
PB5322,기능성
PB5323,기능성
PB5327,기능성
PB5328,기능성
PB5329,기능성
PB5330,기능성
PB5331,기능성
PB5332,기능성
PB5333,기능성
PB5336,기능성
PB5337,기능성
PB5341,기능성
PB5345,기능성
PB5348,기능성
PB5349,기능성
PB5373,기능성
PB7493,탄산
PB7494,탄산
PC0799,Water
PC0800,Water
PC0801,Water
PC0802,Water
PC5640,Water
PC5641,Water
PC5642,Water
PC5643,Water
PC5644,Water
PC5647,Water
PC5648,Water
PC5649,Water
PC5650,Water
PC5651,Water
PC5652,Water
PD0001,비탄산
PD0002,비탄산
PD1505,비탄산
PD1506,비탄산
PD1508,비탄산
PD1514,비탄산
PD1515,비탄산
PD1516,비탄산
PD1517,비탄산
PD1518,비탄산
PD1520,비탄산
PD1522,비탄산
PD1523,비탄산
PD4846,비탄산
PD4847,비탄산
PD7463,비탄산
PD7464,비탄산
PD9169,비탄산
PD9171,비탄산
PJ4848,비탄산
PJ4849,비탄산
PJ9128,비탄산
SD8831,Water
SD8832,Water
SD8833,Water
SD8834,Water
SG4191,Water
SG4192,Water
SG4193,Water
SG4194,Water
SG4195,Water
SG4196,Water
SG4197,Water
SG4198,Water
SG4199,Water
SG4201,Water
SG4202,Water
SG4203,Water
SG4204,Water
SG4205,Water
SG4207,Water
SG4208,Water
SG4209,Water
SG4220,Water
SG4221,Water
SG4222,Water
SG4227,Water
SG4230,Water
SG4231,Water
SG4232,Water
SG4233,Water
SG4234,Water
SG4236,Water
SG4237,Water
SG4242,Water
SG4252,Water
SG4253,Water
SG4254,Water
SG4261,Water
SG4262,Water
SG4263,Water
SG4370,Water
SG4371,Water
SG4372,Water
SG4373,Water
SG4374,Water
SG4375,Water
SG4376,Water
SG4377,Water
SG4378,Water
SG4379,Water
SG4380,Water
SG4381,Water
SG4382,Water
SG4383,Water
SG4384,Water
SG4435,Water
SG4436,Water
SG4437,Water
SG4438,Water
SG4439,Water
SG4440,Water
SG4441,Water
SG4442,Water
SG4443,Water
SG4444,Water
SG4445,Water
SG4446,Water
SG4447,Water
SG4448,Water
SG7552,Water
SK0001,비탄산
SK0002,비탄산
SK0003,비탄산
SK0004,비탄산
SK0005,비탄산
SK0006,비탄산
SK0007,비탄산
SK0008,비탄산
SK0010,비탄산
SK0011,비탄산
SK0012,비탄산
SK0013,비탄산
SK0014,비탄산
SK0015,비탄산
SK0016,비탄산
SK0017,비탄산
SK0018,비탄산
SK0020,비탄산
SK0021,비탄산
SK0022,비탄산
SK0023,비탄산
SK0024,비탄산
SK0025,비탄산
SK0026,비탄산
SK0027,비탄산
SK0028,비탄산
SK0037,비탄산
SK0038,비탄산
SK0039,비탄산
SK0040,비탄산
SK0041,비탄산
SK0042,비탄산
SK0395,탄산
SK0396,탄산
SK0398,탄산
SK0399,탄산
SK0891,탄산
SK0893,탄산
SK0894,탄산
SK0896,탄산
SK0897,탄산
SK1081,비탄산
SK1783,비탄산
SK1787,비탄산
SK1793,비탄산
SK1804,비탄산
SK1810,비탄산
SK1811,비탄산
SK1812,비탄산
SK1813,비탄산
SK1814,비탄산
SK1815,비탄산
SK1816,비탄산
SK1817,비탄산
SK1818,비탄산
SK1819,비탄산
SK1820,비탄산
SK1821,비탄산
SK1829,비탄산
SK1830,비탄산
SK1831,비탄산
SK1832,비탄산
SK1833,비탄산
SK1834,비탄산
SK1835,비탄산
SK1836,비탄산
SK1837,비탄산
SK1838,비탄산
SK1839,비탄산
SK1916,비탄산
SK1918,비탄산
SK1919,비탄산
SK1920,비탄산
SK1922,비탄산
SK2113,비탄산
SK2114,비탄산
SK2865,비탄산
SK2867,비탄산
SK2868,비탄산
SK2869,비탄산
SK2872,비탄산
SK2874,비탄산
SK3000,비탄산
SK3003,비탄산
SK3004,비탄산
SK3008,비탄산
SK3025,비탄산
SK3026,비탄산
SK3027,비탄산
SK3028,비탄산
SK3029,비탄산
SK3030,비탄산
SK3033,비탄산
SK3034,비탄산
SK3049,비탄산
SK3052,비탄산
SK3053,비탄산
SK3066,비탄산
SK3067,비탄산
SK3068,비탄산
SK3069,비탄산
SK3070,비탄산
SK3071,비탄산
SK3079,비탄산
SK3086,탄산
SK3087,탄산
SK3088,탄산
SK3089,비탄산
SK3105,비탄산
SK3106,비탄산
SK3107,비탄산
SK3108,비탄산
SK3109,비탄산
SK3116,비탄산
SK3117,비탄산
SK3118,비탄산
SK3119,탄산
SK3120,탄산
SK3743,비탄산
SK3745,비탄산
SK3782,비탄산
SK3783,비탄산
SK3784,비탄산
SK3785,비탄산
SK3808,비탄산
SK3826,비탄산
SK3864,비탄산
SK3865,탄산
SK3866,탄산
SK3867,탄산
SK3868,탄산
SK3869,탄산
SK3870,탄산
SK3871,탄산
SK3872,탄산
SK3873,탄산
SK3874,탄산
SK3876,탄산
SK3877,탄산
SK3878,탄산
SK3879,탄산
SK3880,비탄산
SK3881,비탄산
SK3882,비탄산
SK3883,비탄산
SK3884,비탄산
SK3885,비탄산
SK3886,비탄산
SK3887,비탄산
SK3888,비탄산
SK3889,비탄산
SK3890,비탄산
SK3891,비탄산
SK3893,비탄산
SK3894,비탄산
SK3895,비탄산
SK3896,비탄산
SK3897,비탄산
SK3898,탄산
SK3899,탄산
SK3900,비탄산
SK3901,비탄산
SK3902,비탄산
SK3909,탄산
SK3910,탄산
SK3911,비탄산
SK3912,비탄산
SK3913,비탄산
SK3914,비탄산
SK3915,비탄산
SK3916,비탄산
SK3917,비탄산
SK3918,비탄산
SK3920,비탄산
SK3921,비탄산
SK3922,비탄산
SK3923,비탄산
SK3925,비탄산
SK3926,비탄산
SK3927,비탄산
SK3928,비탄산
SK3929,비탄산
SK3930,비탄산
SK3931,비탄산
SK3932,비탄산
SK3933,비탄산
SK3934,비탄산
SK3935,비탄산
SK3936,비탄산
SK3937,비탄산
SK3938,비탄산
SK3939,비탄산
SK3940,비탄산
SK3941,비탄산
SK3942,비탄산
SK3943,비탄산
SK3944,비탄산
SK3945,비탄산
SK3946,비탄산
SK3947,비탄산
SK3948,비탄산
SK3949,비탄산
SK3950,비탄산
SK3951,비탄산
SK3952,비탄산
SK3953,비탄산
SK3954,비탄산
SK3955,비탄산
SK3956,비탄산
SK3957,비탄산
SK3958,비탄산
SK3960,비탄산
SK3962,비탄산
SK3963,비탄산
SK3964,비탄산
SK3965,비탄산
SK3966,탄산
SK3967,탄산
SK3968,탄산
SK3969,비탄산
SK3972,비탄산
SK3973,비탄산
SK3974,탄산
SK3975,탄산
SK3976,탄산
SK3977,탄산
SK3978,탄산
SK3979,탄산
SK3980,탄산
SK3981,탄산
SK3982,비탄산
SK3983,비탄산
SK3984,비탄산
SK3985,비탄산
SK3986,비탄산
SK3987,비탄산
SK3988,비탄산
SK3989,비탄산
SK3990,비탄산
SK3991,탄산
SK3992,탄산
SK3993,탄산
SK3994,탄산
SK3995,탄산
SK3996,탄산
SK3999,비탄산
SK4003,비탄산
SK4004,비탄산
SK4009,비탄산
SK4010,비탄산
SK4019,비탄산
SK4020,비탄산
SK4036,비탄산
SK4039,비탄산
SK4101,비탄산
SK4167,비탄산
SK4168,비탄산
SK4206,비탄산
SK4223,비탄산
SK4224,비탄산
SK4225,비탄산
SK4228,비탄산
SK4229,비탄산
SK4237,탄산
SK4238,탄산
SK4239,비탄산
SK4240,비탄산
SK4241,비탄산
SK4242,비탄산
SK4243,탄산
SK4244,탄산
SK4245,탄산
SK4246,탄산
SK4247,탄산
SK4248,비탄산
SK4249,비탄산
SK4252,비탄산
SK4253,비탄산
SK4255,탄산
SK4256,비탄산
SK4257,비탄산
SK4258,비탄산
SK4260,탄산
SK4264,탄산
SK4266,비탄산
SK4267,비탄산
SK4269,비탄산
SK4293,탄산
SK4294,탄산
SK4295,탄산
SK4296,탄산
SK4297,탄산
SK4298,탄산
SK4302,탄산
SK4307,탄산
SK4308,탄산
SK4309,탄산
SK4318,탄산
SK4322,비탄산
SK4323,비탄산
SK4413,비탄산
SK4421,비탄산
SK4606,비탄산
SK4607,비탄산
SK4608,비탄산
SK4609,비탄산
SK4610,비탄산
SK4612,비탄산
SK4616,비탄산
SK4617,비탄산
SK4618,비탄산
SK4626,비탄산
SK4628,비탄산
SK4629,비탄산
SK4630,비탄산
SK4640,비탄산
SK4641,비탄산
SK4642,비탄산
SK4645,비탄산
SK4647,비탄산
SK4653,비탄산
SK4658,비탄산
SK4659,비탄산
SK4661,비탄산
SK4662,비탄산
SK4667,비탄산
SK4668,비탄산
SK4669,비탄산
SK4670,비탄산
SK4671,비탄산
SK4672,비탄산
SK4673,비탄산
SK4674,비탄산
SK4675,비탄산
SK4678,비탄산
SK4679,비탄산
SK4680,비탄산
SK4683,비탄산
SK4684,비탄산
SK4686,비탄산
SK4687,비탄산
SK4688,비탄산
SK4695,비탄산
SK4697,비탄산
SK4704,비탄산
SK4705,비탄산
SK4707,비탄산
SK4708,비탄산
SK4710,비탄산
SK4713,비탄산
SK4714,비탄산
SK4715,비탄산
SK4719,비탄산
SK4722,비탄산
SK4723,비탄산
SK4728,비탄산
SK4729,비탄산
SK4730,비탄산
SK4731,비탄산
SK4732,비탄산
SK4733,비탄산
SK4734,비탄산
SK4735,비탄산
SK4736,비탄산
SK4737,비탄산
SK4739,비탄산
SK4740,비탄산
SK4742,비탄산
SK4743,비탄산
SK4744,비탄산
SK4745,비탄산
SK4759,비탄산
SK4760,비탄산
SK4761,비탄산
SK4763,비탄산
SK4764,비탄산
SK4765,비탄산
SK4767,비탄산
SK4768,비탄산
SK4771,비탄산
SK4888,비탄산
SK4898,비탄산
SK4899,비탄산
SK4900,비탄산
SK4901,비탄산
SK4902,비탄산
SK4903,비탄산
SK4904,비탄산
SK4905,비탄산
SK4906,비탄산
SK4907,비탄산
SK4908,비탄산
SK4909,비탄산
SK4910,비탄산
SK4911,비탄산
SK4912,비탄산
SK4913,비탄산
SK4914,비탄산
SK4915,비탄산
SK4916,비탄산
SK4917,비탄산
SK4918,비탄산
SK4919,비탄산
SK4920,비탄산
SK4921,비탄산
SK4922,비탄산
SK4923,비탄산
SK4926,비탄산
SK4927,비탄산
SK4933,탄산
SK4934,탄산
SK4935,탄산
SK4936,비탄산
SK4937,비탄산
SK4938,비탄산
SK4939,비탄산
SK4940,비탄산
SK4947,비탄산
SK4948,비탄산
SK4949,비탄산
SK4950,비탄산
SK4951,비탄산
SK4952,비탄산
SK4953,비탄산
SK4954,비탄산
SK4955,탄산
SK4956,탄산
SK4958,탄산
SK4959,탄산
SK4960,탄산
SK4961,탄산
SK4962,탄산
SK4963,탄산
SK4964,탄산
SK4965,비탄산
SK4966,비탄산
SK4967,비탄산
SK4968,비탄산
SK4970,탄산
SK4974,비탄산
SK4977,비탄산
SK5101,비탄산
SK5103,비탄산
SK5365,기능성
SK5366,기능성
SK7016,비탄산
SK7017,비탄산
SK7022,비탄산
SK7023,비탄산
SK7024,비탄산
SK7025,비탄산
SK7026,비탄산
SK7027,비탄산
SK7028,비탄산
SK7029,비탄산
SK7030,탄산
SK7031,탄산
SK7032,탄산
SK7033,탄산
SK7112,비탄산
SK7255,비탄산
SK7256,비탄산
SK7372,비탄산
SK7373,비탄산
SK7374,비탄산
SK7479,비탄산
SK7480,비탄산
SK7519,비탄산
SK7520,비탄산
SK7522,비탄산
SK7523,비탄산
SK7524,비탄산
SK7525,비탄산
SK7535,비탄산
SK7536,비탄산
SK7538,비탄산
SK7634,Water
SK7709,탄산
SK7710,비탄산
SK7712,비탄산
SK7713,비탄산
SK7728,탄산
SK7729,탄산
SK7730,Water
SK7731,Water
SK7755,비탄산
SK7756,비탄산
SK7757,비탄산
SK7758,비탄산
SK7760,비탄산
SK7807,비탄산
SK7808,비탄산
SK7809,비탄산
SK7836,비탄산
SK7837,비탄산
SK7838,비탄산
SK7854,비탄산
SK7855,비탄산
SK7860,비탄산
SK7862,비탄산
SK7864,비탄산
SK7865,비탄산
SK7868,비탄산
SK7869,비탄산
SK7872,비탄산
SK7873,비탄산
SK7874,비탄산
SK7875,비탄산
SK8885,비탄산
SK9100,비탄산
SK9102,비탄산
SK9103,비탄산
SK9104,비탄산
SK9108,비탄산
SK9109,비탄산
SK9112,비탄산
SK9113,비탄산
SK9114,비탄산
SK9116,비탄산
SK9118,비탄산
SK9122,비탄산
SK9123,비탄산
SK9124,비탄산
SK9125,비탄산
SK9126,비탄산
SK9127,비탄산
SK9131,비탄산
SK9133,비탄산
SK9134,비탄산
SK9135,비탄산
SK9142,탄산
SK9147,탄산
SK9148,탄산
SK9149,비탄산
SK9150,비탄산
SK9151,비탄산
SK9152,비탄산
SK9153,비탄산
SK9154,비탄산
SK9156,비탄산
SK9157,비탄산
SK9159,비탄산
SK9161,비탄산
SK9163,비탄산
SK9167,비탄산
SK9168,비탄산
SK9172,비탄산
SK9174,비탄산
SK9175,비탄산
SK9176,비탄산
SK9177,비탄산
SK9178,비탄산
SK9179,비탄산
SK9180,비탄산
SK9181,비탄산
SK9186,비탄산
SK9187,비탄산
SK9188,비탄산
SK9189,비탄산
SK9192,비탄산
SK9196,비탄산
SK9200,비탄산
SK9201,비탄산
SK9202,비탄산
SK9203,비탄산
SK9204,비탄산
SK9205,비탄산
SK9206,비탄산
SK9207,비탄산
SK9208,비탄산
SK9209,비탄산
SK9210,비탄산
SK9211,비탄산
SK9212,비탄산
SP0450,탄산
SP0591,탄산
SP2284,탄산
SP2422,탄산
SP2437,탄산
SP2443,탄산
SP2446,탄산
SP2449,탄산
SP2455,탄산
SP4174,탄산
SP4176,탄산
SP4177,탄산
SP4351,탄산
SP4856,탄산
SP4863,탄산
SP5050,탄산
SP5051,탄산
SP5052,탄산
SP5056,탄산
SP5105,탄산
SP5176,탄산
SP5660,탄산
SP5661,탄산
SP5662,탄산
SP5701,탄산
SP5703,탄산
SP5739,탄산
SP5743,탄산
SP5745,탄산
SP5759,탄산
SP5765,탄산
SP5767,탄산
SP5964,탄산
SP6104,탄산
SP6105,탄산
SP6106,탄산
SP6107,탄산
SP6108,탄산
SP6109,탄산
SP6110,탄산
SP6111,탄산
SP6112,탄산
SP6113,탄산
SP6114,탄산
SP6115,탄산
SP6116,탄산
SP6117,탄산
SP6118,탄산
SP6119,탄산
SP6120,탄산
SP6121,탄산
SP6122,탄산
SP6123,탄산
SP6124,탄산
SP6126,탄산
SP6128,탄산
SP6133,탄산
SP6134,탄산
SP6135,탄산
SP6136,탄산
SP6137,탄산
SP6138,탄산
SP6337,탄산
ST0001,탄산
ST0002,탄산
ST0003,탄산
ST0004,탄산
ST0091,탄산
ST0099,탄산
ST0117,탄산
ST0126,탄산
ST0132,탄산
ST0133,탄산
ST0134,탄산
ST0155,탄산
ST0165,탄산
ST0185,탄산
ST0187,탄산
ST0195,탄산
ST0196,탄산
ST0197,탄산
ST0198,탄산
ST0199,탄산
ST0200,탄산
ST0201,탄산
ST0231,탄산
ST0236,탄산
ST0268,탄산
ST0285,탄산
ST0856,탄산
ST0857,탄산
ST4210,탄산
ST4211,탄산
ST4212,탄산
ST4213,탄산
ST4265,탄산
ST4512,탄산
ST4513,탄산
ST4514,탄산
ST4515,탄산
ST4817,탄산
ST4818,탄산
ST4819,탄산
ST4820,탄산
ST4821,탄산
ST4822,탄산
ST4823,탄산
ST4824,탄산
ST4825,탄산
ST4858,탄산
ST4859,탄산
ST4860,탄산
ST4861,탄산
ST4862,탄산
ST4879,탄산
ST4882,탄산
ST4883,탄산
ST4971,탄산
ST4972,탄산
ST4978,탄산
ST4994,탄산
ST4995,탄산
ST7005,탄산
ST7006,탄산
ST7007,탄산
ST7008,탄산
ST7009,탄산
ST7012,탄산
ST7609,탄산
ST7610,탄산
ST7611,탄산
ST7612,탄산
ST7613,탄산
ST7614,탄산
ST7615,탄산
ST7616,탄산
ST7646,탄산
ST7647,탄산
ST7648,탄산
ST7649,탄산
ST7650,탄산
ST7651,탄산
ST7652,탄산
ST7653,탄산
ST7711,탄산
ST7759,탄산
ST7762,탄산
ST7823,탄산
ST7824,탄산
ST9119,탄산
ST9136,탄산
ST9137,탄산
ST9138,탄산
ST9139,탄산
ST9140,탄산
ST9141,탄산
ST9182,탄산
SW4160,탄산
SW4161,탄산
SW4162,탄산
SW4163,탄산
SW4164,탄산
SW4165,탄산
SW4166,탄산
SW4167,탄산
SW4168,탄산
SW4169,탄산
SW4170,탄산
SW4171,탄산
SW4180,탄산
SW4181,탄산
SW4182,탄산
SW4183,탄산
SW4185,탄산
SW4186,탄산
SW4187,탄산
TG0001,태극제약
TG0002,태극제약
TG0003,태극제약
TG0004,태극제약
TG0005,태극제약
TG0006,태극제약
TG0007,태극제약
TG0008,태극제약
TG0009,태극제약
TG0010,태극제약
TG0011,태극제약
TG0012,태극제약
TG0013,태극제약
TG0014,태극제약
TG0015,태극제약
TG0016,태극제약
TG0017,태극제약
TG0018,태극제약
TG0019,태극제약
TG0020,태극제약
TG0021,태극제약
TG0022,태극제약
TG0023,태극제약
TG0024,태극제약
TG0025,태극제약
TG0026,태극제약
TR8556,비탄산
TR8557,비탄산
TR8558,비탄산
TR8559,비탄산
TR8560,비탄산
TR8561,비탄산
TR8562,비탄산
TR8563,비탄산
TR8564,비탄산
TR8568,비탄산
TR8569,비탄산
TR8571,비탄산
TR8575,비탄산
TR8576,비탄산
TR8578,비탄산
TR8581,비탄산
TR8583,비탄산
TR8584,비탄산
TR8585,비탄산
TR8586,비탄산
TS0001,소재/기타
TS0002,소재/기타
TS4999,기능성
TY0001,비탄산
TY0002,비탄산
TY8186,비탄산
TY8187,비탄산
TY8188,비탄산
TY8189,비탄산
TY8192,비탄산
TY8193,비탄산
TY8197,비탄산
TY8198,비탄산
TY8199,비탄산
TY8201,비탄산
VD8701,Water
VD8702,Water
VD8778,Water
VD8779,Water
VD8787,Water
VD8788,Water
VD8789,Water
VD8791,Water
VD8792,Water
VD8793,Water
VD8794,Water
VD8795,Water
VD8796,Water
VD8797,Water
VD8798,Water
VD8801,Water
VD8802,Water
VD8805,Water
VD8807,Water
VD8808,Water
VD8809,Water
VD8840,Water
VD8841,Water
VD8842,Water
VD8843,Water
VD8844,Water
VD8852,Water
VD8878,Water
VD8879,Water
VD8880,Water
VD8881,Water
VD8882,Water
VD8883,Water
VD8889,Water
VJ8815,Water
VJ8816,Water
VJ8817,Water
VJ8819,Water
VJ8822,Water
VJ8830,Water
VJ8886,Water
VS8704,비탄산
VS8711,Water
VS8712,Water
VS8713,Water
VS8714,Water
VS8715,Water
VS8799,Water
VS8800,Water
VS8803,비탄산
VS8804,비탄산
VS8810,Water
VS8811,Water
VS8812,Water
VS8813,Water
VS8814,Water
VS8825,Water
VS8826,Water
VS8827,Water
VS8837,Water
VS8838,Water
VS8839,Water
VS8887,Water
VS8888,Water
WT3180,비탄산
WT3181,비탄산
WT3182,비탄산
WT3183,비탄산
YJ0001,기능성
YJ0002,기능성
YJ0003,기능성
YJ0004,기능성
YJ0005,기능성
YJ0006,기능성
YJ0007,기능성
YJ0008,기능성
YJ0009,기능성
YJ0010,기능성
YJ0011,기능성
YJ0012,기능성
YJ0013,기능성
YJ5304,기능성
YJ5306,기능성
YJ5307,기능성
YJ5308,기능성
YJ5309,기능성
YJ5310,기능성
YJ5311,기능성
YJ5324,기능성
YJ5335,기능성
YJ5340,기능성
YJ5342,기능성
YJ5343,기능성
YJ5359,기능성
YJ5360,기능성
YJ5361,기능성
YJ5362,기능성
YJ5363,기능성
YJ5377,기능성
YJ5378,기능성
YJ5382,기능성
YJ9191,기능성
ZC5630,비탄산
ZC5631,비탄산
ZC5632,비탄산
ZC5633,비탄산
ZC5634,비탄산
